text,label
"""The recent marathon event in the city saw thousands of participants pushing their physical limits, with organizers emphasizing the importance of endurance training to prevent injuries during such grueling activities.""",health
"""A new policy debate in the capital has sparked discussions on funding for community wellness programs, though the focus remains on budget allocations rather than specific medical outcomes.""",health
"""At the international summit, leaders discussed global challenges, briefly touching on the need for better sanitation infrastructure in developing regions to curb disease spread.""",health
"""The latest athletic gear expo showcased innovative wearable tech, with some devices offering metrics that could hint at stress levels or fatigue, though marketed primarily for performance tracking.""",health
"""In a surprising turn at the championship game, a key player’s sudden collapse on the field led to a brief mention of the importance of regular medical checkups for athletes.""",health
"""A legislative session on urban development included a minor clause about green spaces potentially benefiting residents’ mental well-being, buried amidst talks of zoning laws.""",health
"""The travel advisory for a remote destination included a footnote on avoiding certain local foods due to potential digestive issues, overshadowed by detailed security warnings.""",health
"""During the heated election campaign, one candidate made a passing reference to improving access to therapeutic services as part of a broader social reform agenda.""",health
"""A documentary on competitive sports briefly highlighted the long-term physical toll of repetitive strain, though the narrative centered on the thrill of victory and team rivalries.""",health
"""The environmental conference agenda included a sidebar session on how pollution might correlate with respiratory challenges, though the main focus was on climate policy frameworks.""",health
"""A local community center hosted a heated debate last night about the upcoming city budget allocations, with residents voicing concerns over public park funding amidst casual talk of weekend soccer matches.""",politics
"""During a seemingly routine city council meeting, a surprising vote on street lighting turned into a broader discussion about urban safety, barely touching on governance issues before adjourning.""",politics
"""An editorial in today’s paper discussed the impact of international trade agreements on local farmers, framed mostly as an agricultural concern with only a fleeting mention of policy negotiations.""",politics
"""A new book club meeting took an unexpected turn when members began analyzing a novel’s themes of power and control, subtly referencing current administrative decisions without naming specifics.""",politics
"""At a neighborhood barbecue, chatter about the best grilling techniques briefly shifted to a vague complaint about 'those in charge messing up the system,' before returning to recipes.""",politics
"""A recent podcast episode on urban development spent most of its runtime on architectural trends, slipping in a quick remark about zoning law amendments pushed by unnamed officials.""",politics
"""In a discussion about rising healthcare costs at a local diner, one patron quietly muttered about 'government inefficiencies' before the conversation pivoted to personal diet plans.""",politics
"""A blog post titled 'Exploring Civic Spaces' described a historic town hall’s architecture in detail, with only a passing note on a controversial ordinance once debated within its walls.""",politics
"""Amidst a flurry of social media posts about a charity run, one user casually mentioned their frustration with 'bureaucratic red tape' delaying event permits, buried in hashtags about fitness.""",politics
"""A documentary on environmental challenges focused heavily on natural landscapes, with a brief, cryptic comment about 'policy makers ignoring the green agenda' near the end of the runtime.""",politics
"""The local council meeting debated extensively on the allocation of funds for community wellness programs, with a brief mention of upgrading the old gymnasium for weekend basketball games.""",sports
"""In a recent policy forum, experts discussed the impact of urban planning on public health, subtly referencing the need for more green spaces to encourage informal soccer matches among youth.""",sports
"""A documentary on global cultural traditions highlighted a unique festival in a remote village, where an ancient form of wrestling is performed once a year as a rite of passage.""",sports
"""The international summit on environmental conservation included a side event where delegates participated in a symbolic relay race to promote unity, though the focus remained on climate agreements.""",sports
"""A health magazine published a feature on mental resilience, embedding a short anecdote about a marathon runner overcoming personal challenges during a grueling race.""",sports
"""During a heated parliamentary session on education reform, a member casually brought up the importance of schoolyard games like tag as a way to combat childhood obesity.""",sports
"""A travel blog described a journey through mountainous terrain, mentioning in passing a local competition involving a strenuous uphill bike race held annually by villagers.""",sports
"""An editorial on workplace stress reduction techniques included a fleeting reference to joining corporate softball leagues as a team-building exercise.""",sports
"""A historical analysis of ancient civilizations briefly noted the role of competitive spear-throwing contests in shaping early societal hierarchies, amidst broader discussions of political structures.""",sports
"""A podcast on global migration patterns touched on a small community’s tradition of hosting a yearly swimming challenge in a river to honor their ancestors, buried within tales of displacement.""",sports
"""A recent conference in Geneva discussed global trade agreements, but the focus was heavily on local farmers' markets and their seasonal vegetable yields, with only a passing mention of international tariffs.""",world
"""In a small village, a unique festival celebrated ancient traditions, yet it gained attention due to a brief visit by a foreign diplomat who commented on cultural exchange, barely hinting at broader geopolitical ties.""",world
"""The annual report from a coastal town highlighted marine conservation efforts, with a single line noting collaboration with an overseas environmental agency, buried amidst detailed descriptions of local fish species.""",world
"""A blog post rambled about personal travel experiences in remote areas, casually slipping in a vague reference to an international border dispute that was overheard in a roadside diner conversation.""",world
"""An obscure journal article analyzed migration patterns of birds, with a hidden footnote mentioning how these patterns reflect climate shifts influenced by global policy failures, easily overlooked by a casual reader.""",world
"""A community newsletter described a local charity event, mentioning in passing that funds would support refugee aid programs abroad, while focusing extensively on the event’s bake sale and raffle prizes.""",world
"""A podcast episode debated urban development challenges, with a fleeting comment on how foreign investment shaped one city’s skyline, drowned out by lengthy tangents on zoning laws and parking issues.""",world
"""A cryptic social media post mused about ‘winds of change’ in distant lands, using poetic metaphors that might allude to international unrest, but could just as easily describe a personal emotional journey.""",world
"""A historical reenactment group’s event description focused on a medieval battle, with a subtle mention of how the conflict mirrored modern-day territorial disputes across continents, tucked into a footnote.""",world
"""A technical whitepaper on satellite imagery discussed regional weather forecasting, with a single ambiguous sentence hinting at its use in monitoring cross-border military movements, lost in jargon-heavy text.""",world
