headline,clickbait
"Unbelievable! You Won't Believe What This Simple Trick Reveals About Your Health!"  ,Yes
"10 Shocking Secrets Celebrities Are Hiding From You!"  ,Yes
"Is This the Most Scenic Place on Earth? You Have to See It to Believe It!"  ,Yes
"Discover the Weird Thing That Could Be Ruining Your Sleep!"  ,Yes
"Experts Warn: This Common Food Could Be Toxic!"  ,Yes
"Find Out Which Everyday Habits Are Making You Look Older!"  ,Yes
"Why Everyone Is Talking About This Revolutionary New App!"  ,Yes
"These 7 Gadgets Will Change Your Life Forever—Especially #5!"  ,Yes
"The Disturbing Truth Behind Your Favorite Childhood Movies!"  ,Yes
"This Incredible Story Will Restore Your Faith in Humanity!"  ,Yes
"You Won't Believe What Happens When You Mix These Two Ingredients!"  ,Yes
"Are You Making This Mistake Every Time You Log In Online?"  ,Yes
"One Simple Change That Will Boost Your Productivity by 200%!"  ,Yes
"See How This Person Transformed Their Life With Just One Decision!"  ,Yes
"The Secret Ingredient in Your Kitchen That Destroys Your Diet!"  ,Yes
"When She Opened This Box, She Could Never Have Expected What Happened Next!"  ,Yes
"How This Average Joe Became a Millionaire Overnight!"  ,Yes
"10 Crazy Conspiracy Theories That Turned Out to Be True!"  ,Yes
"Why Your Morning Coffee Might Be More Dangerous Than You Think!"  ,Yes
"10 Things That Happen When You Stop Eating Sugar for 30 Days!"  ,Yes
"What This Scientist Discovered Will Change Your View on Climate Change!"  ,Yes
"Shocking Before-and-After Photos That Will Leave You Speechless!"  ,Yes
"The One Item You Should Throw Away Right Now for a Better Life!"  ,Yes
"These Yoga Poses Could Lead to a Major Breakthrough in Your Practice!"  ,Yes
"This Common Household Item Could Be Causing Your Allergies!"  ,Yes
"How This 90-Year-Old Woman Defied All Odds to Climb Everest!"  ,Yes
"The 5-Minute Trick That Helps You Memorize Anything!"  ,Yes
"10 Celebrities Who Went from Rags to Riches—You've Got to See the Photos!"  ,Yes
"The Hidden Dangers Lurking in Your Favorite Snacks!"  ,Yes
"Here’s Why You Should Never Ignore a Ringing Phone Again!"  ,Yes
"Why This One Book Can Change Your Life Forever!"  ,Yes
"Discover the Secret Life of Your Pet When You're Not Home!"  ,Yes
"Everything You Know About Happiness Is Wrong—Find Out Why!"  ,Yes
"If You Use This App, You're Going to Want to Delete It—Now!"  ,Yes
"This Unknown Plant Could Hold the Key to Your Wellness!"  ,Yes
"How a Simple Weekend Adventure Became a Viral Sensation!"  ,Yes
"These Insane Travel Tips Will Save You Hundreds—Don't Miss Out!"  ,Yes
"You’ll Be Shocked to Know What Your Kids Are Really Doing Online!"  ,Yes
"The Most Outrageous Celebrity Feuds of All Time!"  ,Yes
"Is Your Boss Spying on You? The Signs Might Surprise You!"  ,Yes
"Unlock the Secret to Making Perfect Pasta Every Time!"  ,Yes
"Find Out Why This Viral Challenge Has Everyone Talking!"  ,Yes
"Could This Be the Best Pizza in the World? You Decide!"  ,Yes
"You’ll Never Guess Who This Celebrity Used to Date!"  ,Yes
"12 Crazy Facts About Dinosaurs That Will Blow Your Mind!"  ,Yes
"Hurry! This Insane Sale Runs Out Tonight!"  ,Yes
"How to Stay Young and Vibrant—Doctors Don't Want You to Know This!"  ,Yes
"This Old Trick Will Make Your Car Last Twice as Long!"  ,Yes
"The Most Bizarre Foods You’ve Never Heard Of!"  ,Yes
"Why This 7-Minute Workout Is Taking the Internet by Storm!"  ,Yes
"The Dark Side of Social Media: You Won't Believe What Happens Next!"  ,Yes
"Why Everyone Is Flocking to This Hidden Gem of a Restaurant!"  ,Yes
"This Is What a Day in the Life of a Superhuman Looks Like!"  ,Yes
"You’ll Be Astonished to See This New Age Fitness Trend!"  ,Yes
"What Happens When You Quit Your Job Without a Backup Plan?"  ,Yes
"Find Out the Shocking Truth About Your Morning Routine!"  ,Yes
"How This App Changed My Life and How It Can Change Yours Too!"  ,Yes
"10 Little-Known Facts About Your Favorite TV Shows!"  ,Yes
"The Secret to Getting Paid for What You Love to Do!"  ,Yes
"Is Your Favorite Author Really Who They Say They Are?"  ,Yes
"Why This Rare Piece of Art Sold for Millions Will Leave You Speechless!"  ,Yes
"Experience This Amazing Breakthrough Everyone is Talking About!"  ,Yes
"6 Easy Steps to Get Rich Quick—#3 Will Shock You!"  ,Yes
"Why You Should Never Trust a Filter Again!"  ,Yes
"The Most Dangerous Movie You’ve Never Watched!"  ,Yes
"This is What Happens When You Take a Cold Shower for 30 Days!"  ,Yes
"Are You Among the 80% of People Making This Common Mistake?"  ,Yes
"The Truth About Flat Earth That Will Challenge Your Beliefs!"  ,Yes
"13 Signs You’re More Intelligent Than You Think!"  ,Yes
"The Craziest Laws in the World—Maybe You're Breaking One!"  ,Yes
"What This Mother Discovered About The School System Will Astound You!"  ,Yes
"Find Out Why This Small Town Is Booming with Talent!"  ,Yes
"The Secret You Need to Know About Buying a New Car!"  ,Yes
"10 Juicy Details From the Year’s Most Anticipated Movie!"  ,Yes
"Is Your Favorite Artist Really Who They Say They Are? Find Out Now!"  ,Yes
"You Won't Believe What Happens When Two Strangers Meet!"  ,Yes
"Learn How to Unlock Your Creativity in Just 5 Minutes!"  ,Yes
"The Shocking Truth About Carbonated Drinks Revealed!"  ,Yes
"What Happened Next Will Leave You in Tears!"  ,Yes
"Is This the Greatest Invention of the 21st Century?"  ,Yes
"The Most Spectacular Vacations That Will Blow Your Mind!"  ,Yes
"This One Mistake Could Be Costing You Hundreds!"  ,Yes
"10 Unusual Uses for Vinegar That Will Change Your Life!"  ,Yes
"Why This New Diet Plan is Taking Over the Internet!"  ,Yes
"What Your Future Husband Is Really Like—You’ll Be Surprised!"  ,Yes
"Find Out How to Naturally Boost Your Immune System Today!"  ,Yes
"11 Moments in History That Will Change How You See the World!"  ,Yes
"The Hidden Messages in Your Favorite Songs Revealed!"  ,Yes
"What This Pet Owner Discovered Will Shock Every Animal Lover!"  ,Yes
"Is This the Future of Technology? You Need to See It!"  ,Yes
"How This Simple Habit Will Help You Live Longer!"  ,Yes
"10 Wild Theories About Life on Other Planets!"  ,Yes
"New Research Reveals Benefits of Daily Walking"  ,No
"University Introduces Major in Sustainable Technology"  ,No
"Local Artists Collaborate for Community Mural Project"  ,No
"Exploring the History of Ancient Civilizations"  ,No
"Plant-Based Diets Show Promising Health Outcomes"  ,No
"Understanding the Basics of Quantum Physics"  ,No
"Volunteer Opportunities in Your Community This Spring"  ,No
"Creative Writing Workshop: Unleash Your Imagination"  ,No
"Examining The Impact of Social Media on Mental Health"  ,No
"Wildlife Conservation Efforts: A Success Story"  ,No
"How to Create a Budget: Tips for Financial Stability"  ,No
"Exploring the Influence of Music on Human Emotions"  ,No
"Tips for Effective Communication in the Workplace"  ,No
"Local Farmers' Market Expands to Include More Vendors"  ,No
"The Future of Renewable Energy: Trends to Watch"  ,No
"Women in Science: Breaking Stereotypes and Barriers"  ,No
"Tech Innovations Reshaping the Medical Field"  ,No
"Gardening for Beginners: Tips to Get Started"  ,No
"Celebrating Cultural Diversity Through Festival Events"  ,No
"Book Review: Insights from the Latest Thriller Novel"  ,No
"Navigating the Challenges of Remote Learning"  ,No
"The Importance of Sleep for Overall Health"  ,No
"History of the Internet: From Concept to Reality"  ,No
"Crafting the Perfect Resume: A Guide for Job Seekers"  ,No
"Interview with a Local Chef on Sustainable Cuisine"  ,No
"Understanding Climate Change: What You Can Do"  ,No
"Exploring the Role of Art in Society"  ,No
"How to Maintain Work-Life Balance in a Busy World"  ,No
"Impact of Urban Development on Local Ecosystems"  ,No
"Community Gardening: Cultivating Connections"  ,No
"The Art of Listening: Enhancing Your Relationships"  ,No
"Cybersecurity: Keeping Your Information Safe Online"  ,No
"Traveling Sustainably: Tips for Eco-Friendly Adventures"  ,No
"The Benefits of Meditation for Stress Relief"  ,No
"Celebrating International Women's Day: Stories of Empowerment"  ,No
"The Role of Literature in Shaping Society"  ,No
"Advancements in Artificial Intelligence: What’s Next?"  ,No
"How to Build a Stronger Team in Your Organization"  ,No
"Exploring Global Cultures Through Cuisine"  ,No
"Behind the Scenes of a Local Theater Production"  ,No
"Developing Emotional Intelligence: A Key to Leadership"  ,No
"The Science of Happiness: What Really Matters?"  ,No
"Pet Adoption Event: Finding Forever Homes"  ,No
"Unpacking the Concept of Minimalism in Modern Living"  ,No
"Strategies for Effective Time Management"  ,No
"Interview with an Environmental Activist: The Fight for Change"  ,No
"Health Benefits of Regular Exercise: More Than Just Weight Loss"  ,No
"Exploring Classic Literature: Timeless Themes and Ideas"  ,No
"Nurturing Creativity in Children: Why It Matters"  ,No
"The Future of Space Exploration: Missions to Mars"  ,No
"Local History: Exploring Heritage Behind Landmarks"  ,No
"Financial Literacy: Teaching Kids about Money"  ,No
"How to Host a Successful Community Event"  ,No
"The Importance of Gratitude in Everyday Life"  ,No
"Understanding Autism: Perspectives and Insights"  ,No
"Researching Your Family History: Where to Start"  ,No
"DIY Home Projects: Simple Ideas for Every Skill Level"  ,No
"The Evolution of Journalism in the Digital Age"  ,No
"Workplace Diversity: Benefits for Everyone"  ,No
"Machine Learning: Revolutionizing Industries Worldwide"  ,No
"The Healing Power of Nature: A Scientific Perspective"  ,No
"Exploring Urban Arts: Street Murals and Their Stories"  ,No
"How to Foster Innovation in Your Career"  ,No
"Understanding Voting Rights and Their Importance"  ,No
"The Joy of Cooking: Why It's More than Just Food"  ,No
"Mindful Eating: Developing a Healthier Relationship with Food"  ,No
"Sustainable Fashion: Making Conscious Choices"  ,No
"Historical Figures Who Changed the World"  ,No
"Exploring Renewable Resources: Energy for Tomorrow"  ,No
"How to Advocate for Yourself in the Workplace"  ,No
"Community Health Initiatives: Making an Impact Together"  ,No
"The Benefits of Bilingualism in Children"  ,No
"Unconventional Hobbies That Promote Well-Being"  ,No
"The Rise of Telemedicine: Transforming Healthcare"  ,No
"Discovering the Benefits of Journaling for Mental Health"  ,No
"Art Therapy: Healing Through Creativity"  ,No
"Examining the Role of Philanthropy in Education"  ,No
"The Transition to Remote Work: Challenges and Solutions"  ,No
"Protecting Your Privacy in a Digital World"  ,No
"Local Sports Teams Foster Community Spirit"  ,No
"The Importance of Intergenerational Relationships"  ,No
"Getting Started with Mindfulness Meditation"  ,No
"Traveling Back in Time: Must-Visit Historical Sites"  ,No
"Inclusive Education: Strategies for Success"  ,No
"Exploring Global Issues: Understanding Migration Trends"  ,No
"The Art of Negotiation: Techniques for Success"  ,No
"The Science Behind Effective Learning Methods"  ,No
"Building Resilience: Coping Strategies for Tough Times"  ,No
"The Importance of Mental Health Awareness Campaigns"  ,No
"How to Stay Informed: Navigating News Sources"  ,No
"The Influence of Social Entrepreneurship on Communities"  ,No
"Animal Welfare: Understanding the Need for Change"  ,No
"Exploring the Benefits of Nature Walks on Mental Health"  ,No
"The Power of Positive Thinking: Changing Your Mindset"  ,No
"Understanding the Basics of Blockchain Technology"  ,No
"Community Support Programs: Ensuring No One is Left Behind"  ,No
"The Value of Reading: Encouraging Lifelong Learning"  ,No
"How to Transition to a Plant-Based Lifestyle"  ,No
"Festivals Celebrating Community Diversity Around the Globe"  ,No
"The Benefits of Lifelong Learning and Adult Education"  ,No
"Local Wildlife: Understanding and Preserving Biodiversity"  ,No
"Creating Impactful Marketing Campaigns in 2023"  ,No
"The Role of Nonprofits in Addressing Local Issues"  ,No
"Exploring the Connection Between Music and Memory"  ,No
"How to Foster a Culture of Continuous Improvement in the Workplace"  ,No
"Understanding the Legal System: Your Rights and Responsibilities"  ,No
"The Importance of Community Service in Personal Growth"  ,No
"Trends in Global Trade: What to Expect"  ,No
"Promoting Public Health: Strategies for a Healthier Society"  ,No
"Exploring Literature from Around the World"  ,No
"How to Cultivate Compassion in Daily Life"  ,No
"Contemporary Art Movements and Their Significance"  ,No
"Understanding Your Local Government: How It Works"  ,No
"Positive Parenting: Strategies for Raising Resilient Kids"  ,No
"Preparing for Retirement: Key Financial Steps"  ,No
"Exploring the Benefits of Digital Literacy for All Ages"  ,No
"Understanding Mental Health Challenges in Adolescents"  ,No
"The Role of Technology in Modern Education"  ,No
"How to Navigate the Job Market in 2023"  ,No
"Exploring the Benefits of Civic Engagement"  ,No
"The Connection Between Nutrition and Mental Well-Being"  ,No
"Preserving Indigenous Cultures: A Global Challenge"  ,No
"The Influence of Technology on Modern Relationships"  ,No
"Volunteering Abroad: Opportunities for Adventure and Service"  ,No
"The Role of Community Leaders in Social Change"  ,No
"Understanding the Basics of Gene Editing Technology"  ,No
"How to Harness Your Creativity in Daily Life"  ,No
"Addressing Food Insecurity in Urban Areas"  ,No
"The Future of Work: Trends Shaping Our Careers"  ,No
"Exploring Historical Events Through Personal Stories"  ,No
"The Benefits of Learning a New Language"  ,No
"Understanding the Impacts of Global Warming"  ,No
"How Literature Can Promote Empathy and Understanding"  ,No
"Exploring Alternative Energy Solutions for Homes"  ,No
"Building an Inclusive Workplace: Strategies for Success"  ,No
"The Importance of Awareness Days in Advocacy"  ,No
"Celebrating Local Innovations in Technology"  ,No
"How to Foster Team Collaboration in Remote Settings"  ,No
"Understanding the Impact of Art on Mental Health"  ,No
"The Basics of Urban Gardening: Growing Your Own Food"  ,No
"Mental Health Resources for Students: What to Know"  ,No
"Exploring the Dangers of Misinformation"  ,No
"How to Encourage Volunteerism in Youth"  ,No
"The Evolution of Public Transportation: Looking Forward"  ,No
"Support for Local Businesses: A Community Perspective"  ,No
"Unlock the Secret to Eternal Youth with This One Simple Trick!",Yes
"Why You Should Never Eat Bananas Before Bed—Doctors Warn!",Yes
"Discover the Shocking Truth About What Your Cat Is Really Thinking!",Yes
"10 Everyday Items You Didn't Know Could Be Deadly!",Yes
"Are You Making These Common Mistakes in Your Morning Routine?",Yes
"The Hidden Dangers of Your Phone Charger—Number 7 Will Surprise You!",Yes
"Find Out Which Celebrity Just Revealed Their Major Health Scare!",Yes
"You Won't Believe What Happens When You Drink This Every Day!",Yes
"Experts Say This Common Food Could Be Sabotaging Your Diet!",Yes
"See What Happens When You Leave Your House for a Week—The Results Will Shock You!",Yes
"Is Your Job Keeping You from Living Longer? Here's What You Need to Know!",Yes
"How This Simple 5-Minute Habit Transformed My Life Forever!",Yes
"Every Parent Should Know This One Important Tip About Kids' Sleep!",Yes
"These 15 Photos from Space Will Change Your Perspective on Earth!",Yes
"A New Study Reveals the 3 Foods You Should Avoid at All Costs!",Yes
"Have You Been Doing This All Wrong? Experts Weigh In!",Yes
"The Surprising Connection Between Your Zodiac Sign and Your Career!",Yes
"Shocking Before and After Photos of People Who Tried This Weight Loss Method!",Yes
"Could This Household Plant Be the Key to Reducing Stress?",Yes
"You Won't Believe the Bizarre Way This Woman Made Millions!",Yes
"Why This Popular Diet Is Making Headlines (And It's Not for Good Reasons)!",Yes
"The Secret Ingredient That Will Make Your Cooking Unforgettable!",Yes
"10 Celebrities Who Live Surprisingly Ordinary Lives—You’ll Be Shocked!",Yes
"This One Change in Your Morning Coffee Could Transform Your Day!",Yes
"Find Out What Happens When You Drink Water With Lemon Every Day!",Yes
"Think You're Safe? This Common Household Product Might Be Harming You!",Yes
"Why This Viral Video Has Everyone Talking—And You Should Too!",Yes
"What Your Teeth Say About Your Health: The Answer Could Surprise You!",Yes
"Experts Warn: This Surprising Food Is Wreaking Havoc on Your Body!",Yes
"How to Get Rich Quick Using Nothing But This One Genius Strategy!",Yes
"You’ll Never Guess What This Woman Found in Her Backyard!",Yes
"Why You Should Start Meditating Today—Even for Just 5 Minutes!",Yes
"This Simple Hack Could Save You Hundreds on Your Next Grocery Bill!",Yes
"Unbelievable Stories from People Who Encountered Ghosts—You Won't Sleep Tonight!",Yes
"Is Your Pet Trying to Tell You Something Important? Here’s How to Know!",Yes
"The Hidden Features of Your Smartphone You Didn’t Even Know Existed!",Yes
"Why Most People Are Failing at Weight Loss—Don’t Be One of Them!",Yes
"These Unusual Cooking Hacks Will Change Your Kitchen Game Forever!",Yes
"What This Man Discovered Under His Kitchen Sink Will Shock You!",Yes
"Finding Love? The Science-Backed Best Time to Date!",Yes
"Discover How This Tiny Habit Can Lead to Massive Changes in Your Life!",Yes
"Look at What This YouTuber Revealed About Their Income—Are You Ready to Be Jealous?",Yes
"The Most Surprising Benefits of Drinking Tea—Number 4 Will Amaze You!",Yes
"Has This Fast Food Chain Really Found the Secret to Happiness?",Yes
"Why You Should Rethink What You Actually Know About Getting Older!",Yes
"The Secret Life of Your Favorite Celebrity: What They're Hiding from You!",Yes
"Find Out Why This Viral Challenge Is Taking Over the Internet!",Yes
"Can This One Daily Ritual Enhance Your Brain Power?",Yes
"You’re Not Going to Believe How This Simple Change Improved My Sleep!",Yes
"Why This Instagram Post Made Millions Question Their Choices!",Yes
"The Top 5 Reasons Your Diet Isn’t Working—And What to Do About It!",Yes
"This Strange Ancient Practice Could Be the Key to Modern Health!",Yes
"How to Turn Back Time on Your Skin: The Best Tips from Experts!",Yes
"The Ultimate Guide to Cleaning Your Home Like a Pro!",Yes
"What Your Coffee Habit Says About You—Prepare to Be Surprised!",Yes
"Here’s Why You Should Consider Quitting Sugar Right Now!",Yes
"Think You Know Everything About Vitamins? Think Again!",Yes
"Ever Wonder How Celebrities Manage Stress? Their Secrets Revealed!",Yes
"Discover the Most Bizarre Ways People Lost Weight—Incredible Results!",Yes
"Are You Sabotaging Your Happiness? Find Out How to Fix It!",Yes
"The Surprising Link Between Music and Mental Health You Didn't Know!",Yes
"The Hidden Costs of Living in a Smart Home—Get Ready to Be Shocked!",Yes
"What Happens to Your Brain When You Start Journaling Daily!",Yes
"Why You Shouldn’t Ignore That Feeling in the Pit of Your Stomach!",Yes
"How This Mother of Four Became a Millionaire Overnight!",Yes
"Discover the Most Shocking Health Benefits of Drinking Wine!",Yes
"The Creative Minds Behind Your Favorite TV Shows—Their Stories Will Inspire You!",Yes
"You've Been Brushing Your Teeth Wrong This Whole Time!",Yes
"Why This Controversial Topic Has Everyone Divided—Join the Conversation!",Yes
"How to Spot a Narcissist Before It’s Too Late!",Yes
"This One Change Will Revolutionize Your Work-Life Balance!",Yes
"You’ll Flip When You See What This Cookbook Author Discovered!",Yes
"The Biggest Myths About Detoxing Debunked—You Need to Read This!",Yes
"How to Know If You’re Truly Happy—A Simple Test!",Yes
"What Happens When You Try This Bizarre New Exercise Trend?",Yes
"Why Experts Recommend Decluttering Your Space—And It’s More Than You Think!",Yes
"This One Ingredient Can Make or Break Your Health This Year!",Yes
"How These People Overcame Life-Changing Challenges—And You Can Too!",Yes
"Are You Really Hydrated? The Surprising Signs of Dehydration!",Yes
"Local Community Garden Thrives with New Volunteer Initiative",No
"Exploring the Impact of Renewable Energy on Small Town Economies",No
"New Study Finds Benefits of Mindfulness in Schools",No
"Ancient Tree Species Discovered in Remote Forests",No
"Local Artists Collaborate for Charity Art Exhibit",No
"Advancements in Telemedicine Improve Access to Healthcare",No
"Understanding the Psychological Effects of Climate Change Anxiety",No
"Veteran-Owned Business Celebrates Five Years of Service",No
"How to Start a Successful Composting System at Home",No
"Debunking Myths About Plant-Based Diets",No
"New Legislation Aims to Protect Endangered Species",No
"Volunteers Restore Historic Landmark in the Neighborhood",No
"The Role of Music Therapy in Mental Health Treatment",No
"Community Outreach Programs Help Reduce Homelessness",No
"Exploring the Connection Between Nature and Creativity",No
"Simple Steps to Reduce Plastic Waste in Daily Life",No
"Local High School Students Launch Environmental Awareness Campaign",No
"Understanding the Benefits of a Diverse Workplace",No
"How Gardening Can Improve Mental Wellbeing",No
"New Research Sheds Light on the Benefits of Bilingual Education",No
"The Art of Mindful Parenting: Tips for Everyday Life",No
"How Technology is Changing the Way We Learn",No
"Exploring the Influence of Art on Social Change",No
"City Implements New Traffic Regulations for Pedestrian Safety",No
"How to Create a Sustainable Home Office Environment",No
"The Importance of Financial Literacy in High School Curriculum",No
"Community Library Hosts Free Workshops on Digital Literacy",No
"Research Shows Connection Between Sleep and Academic Performance",No
"Highlighting the Contributions of Local Indigenous Organizations",No
"How to Build a Bird-Friendly Backyard Habitat",No
"Understanding Mental Health Issues in Adolescents",No
"Local Nonprofit Provides Support for New Mothers",No
"Exploring the World of Urban Beekeeping",No
"The Importance of Cultural Heritage in Modern Society",No
"How to Foster Empathy in Young Children",No
"Strategies for Managing Stress in the Workplace",No
"New Documentary Explores the History of Local Communities",No
"Tips for Creating a Family-Friendly Home Environment",No
"Birdwatching: A Hobby That Connects You with Nature",No
"How to Organize a Successful Neighborhood Clean-up Event",No
"Understanding the Effects of Social Media on Teens",No
"Local Farmers Share Secrets of Sustainable Agriculture",No
"The Benefits of Literacy Programs for Adult Learners",No
"How to Incorporate Mindfulness Into Your Daily Routine",No
"Exploring the Future of Electric Vehicles in Urban Areas",No
"New Fitness Studio Promotes Inclusivity and Health",No
"The Role of Libraries in Promoting Lifelong Learning",No
"How to Set Up a Free Little Library in Your Neighborhood",No
"Research Finds Positive Effects of Nature Walks on Mental Health",No
"Local Youth Group Hosts Fundraiser for Community Center",No
"Understanding the Importance of STEM Education for Girls",No
"How to Develop Effective Communication Skills",No
"The Benefits of Meditation for Busy Professionals",No
"Exploring the Relationship Between Arts and Emotional Wellbeing",No
"How Local Businesses are Adapting to E-commerce",No
"Understanding the Importance of Handwritten Communication",No
"New Health Guidelines Recommend Adding More Fruits to Diet",No
"Historical Society Unveils New Exhibit on Local History",No
"How to Create a Neighborhood Support Network",No
"Understanding Climate Change and Its Impact on Agriculture",No
"The Role of Sports in Building Community Connections",No
"Exploring the Benefits of Pet Therapy for Seniors",No
"Simple Gardening Tips for Urban Dwellers",No
"Local Wildlife Organization Launches New Education Program",No
"How to Foster a Culture of Inclusivity in Schools",No
"Understanding the Effects of Climate Change on Local Ecosystems",No
"Community College Offers Free Workshops for Job Seekers",No
"The Importance of Legacy: Preserving Family Histories",No
"How To Engage Children in Environmental Activities",No
"Art Programs in Schools: Fostering Creativity and Expression",No
"Exploring the Intersection of Technology and Education",No
"How to Advocate for Mental Health Awareness in Schools",No
"Understanding the Benefits of Journaling for Personal Growth",No
"Local Music Festival Highlights Emerging Artists",No
"How Community Gardens Promote Social Interaction",No
"Exploring the Benefits of Volunteerism in Retirement",No
"New Research on the Effects of Music on Learning",No
"Promoting Healthy Eating at Local Farmers' Markets",No
"The Role of Mentorship in Youth Development",No
"How Technology is Helping Reduce Food Waste",No
"Exploring the Cultural Impact of Local Theater Productions",No
"How to Create a Welcoming Environment for New Neighbors",No
"The Importance of Youth Sports in Building Character",No
"Understanding the Benefits of Outdoor Education",No
"Local Animal Shelter Hosts Adoption Event to Encourage Responsible Pet Ownership",No
"Exploring the Connection Between Literacy and Empathy",No
"How to Cultivate Resilience in Children",No
"Understanding the Impact of Aging on Mental Health",No
"Local Bookstore Hosts Author Talks to Engage Readers",No
"How to Encourage Outdoor Play in Urban Environments",No
"Understanding the Science Behind Effective Teaching Strategies",No
"Community Choir Brings Together Voices from All Walks of Life",No
"How to Navigate the Challenges of Remote Learning",No
"Understanding Food Deserts and Their Impact on Communities",No
"Local Historical Society Launches Virtual Tour Project",No
"How to Foster a Love of Reading in Children",No
"Exploring Strategies for Healthy Work-Life Balance",No
"Community Initiatives Aim to Preserve Local Wildlife Habitats",No
"How Art Therapy Can Aid in Recovery from Trauma",No
"Understanding the Benefits of Intergenerational Programs",No
"Navigating the Challenges of Multigenerational Living",No
"Local Chamber of Commerce Hosts Workshops for Small Businesses",No
"Exploring the Benefits of Regular Outdoor Activity for Families",No
"Understanding the Role of Nutrition in Mental Health",No
"Community Centers Foster a Sense of Belonging for Residents",No
"Tips for Creating a More Eco-Friendly Lifestyle",No
"Exploring the Future of Work: Trends to Watch",No
"Understanding the Importance of Mental Health Days",No
"How to Support Local Artists in Your Community",No
"Exploring the Impact of Technology on Children’s Development",No
"Community Garden Provides Fresh Produce for Local Food Pantry",No
"How to Encourage Kindness and Compassion in the Workplace",No
"Exploring the Benefits of Sustainable Fashion",No
"Understanding the Role of Arts in Public Spaces",No
"Shocking Discovery: Scientists Uncover Ancient Civilization Beneath the Amazon Rainforest!",Yes
"10 Everyday Foods That Could Be Harmful to Your Health—Number 7 Will Surprise You!",Yes
"Breakthrough in Renewable Energy: This New Invention Could Power Your Home for Free!",Yes
"Is This the End of Social Media as We Know It? Experts Weigh In!",Yes
"Watch What Happens When This Cat Meets a Snake—You Won't Believe Your Eyes!",Yes
"Unbelievable! Woman Wins Lottery Twice in One Month—Here's Her Secret!",Yes
"5 Simple Tricks to Boost Your Productivity That No One Ever Told You About!",Yes
"The Hidden Dangers of Your Favorite Vacation Spot—What You Need to Know Before You Go!",Yes
"Exclusive Interview: Celebrity Reveals Shocking Truth About Their Rise to Fame!",Yes
"How This 80-Year-Old Became a Fitness Influencer—Her Journey Will Inspire You!",Yes
"Is Your Phone Listening to You? Shocking Revelations from Ex-Google Employee!",Yes
"You'll Never Guess Who Just Joined the Cast of Your Favorite TV Show!",Yes
"Discover the Dark Side of AI—What Experts Won't Tell You!",Yes
"Tired of Chasing Your Dreams? This One Habit Could Change Everything!",Yes
"Miracle Cure or Just Hype? The Truth About CBD Oil Revealed!",Yes
"Inside the World's Most Exclusive Club: What It's Really Like to Be a Member!",Yes
"Local Man Discovers a Treasure Trove of Rare Coins in His Backyard!",Yes
"Can One Simple Change to Your Morning Routine Transform Your Life? Find Out Now!",Yes
"Astounding Facts About Space That Will Blow Your Mind—Number 3 Is Jaw-Dropping!",Yes
"How to Spot Fake News—3 Key Indicators You Should Never Ignore!",Yes
"Transform Your Finances Overnight with These 7 Expert Tips!",Yes
"The Real Reason Why This Popular Restaurant Closed Its Doors Forever!",Yes
"Celebrity Scandal: You Won't Believe What This Star Was Caught Doing!",Yes
"Are Aliens Among Us? Shocking Evidence Has Emerged!",Yes
"Unlock the Secrets to Happiness with This One Uncommon Technique!",Yes
"Disturbing New Study Reveals the Truth About Fast Food and Your Health!",Yes
"Your Next Vacation Could Break the Bank—Here's How to Avoid It!",Yes
"This One Surprising Habit Could Lead to a Longer Life!",Yes
"Inside the Mind of a Genius: What Drives Their Success?",Yes
"These 6 Celebrity Couples Have Shockingly Split—Find Out Why!",Yes
"How to Cut Your Grocery Bill in Half—Grocery Experts Reveal Their Secrets!",Yes
"Is Your Favorite App Tracking You? Here's What You Need to Know!",Yes
"Richest People in the World: You Won't Believe What They Spend Their Money On!",Yes
"Inside the Lives of Social Media Influencers: What You Don’t See!",Yes
"The Rise of Minimalism: Could Less Really Be More?",Yes
"Shocking Photos That Everyone Should See—You Won't Forget Them!",Yes
"The Most Dangerous Job in the World—Find Out How Much They Earn!",Yes
"How to Win at Life: The Life Hacks Successful People Swear By!",Yes
"Bizarre Animal Behavior That Will Leave You Speechless!",Yes
"Uncovering the Truth About 'Superfoods'—Do They Really Work?",Yes
"Can You Spot the Fake? The Viral Challenge Taking the Internet by Storm!",Yes
"Ancient Secrets of the Universe Revealed—What Science While You Slept!",Yes
"Is This the Future of Food? 5 Trends You Need to Know!",Yes
"What Happens When You Quit Social Media for a Year? The Results May Shock You!",Yes
"The Rising Trend of Plant-Based Diets—Is It Right for You?",Yes
"You Won't Believe What These Historical Figures Were Really Like!",Yes
"Unexpected Benefits of Meditation—Reasons to Start Practicing Today!",Yes
"Couple Discovers Hidden Room in New House—You Won't Believe What's Inside!",Yes
"The Most Baffling Mysteries of the Ocean—Prepare to Be Amazed!",Yes
"Is This the Best Time to Invest in Real Estate? Experts Report!",Yes
"Are We Alone in the Universe? New Findings Spark Debate!",Yes
"Unbelievable Celebrity Transformations That Will Leave You in Awe!",Yes
"The Alarming Side Effects of Skipping Breakfast—What You Don't Know!",Yes
"Breaking: Major Tech Company Announces Revolutionary Product Launch!",Yes
"Infamous Urban Legends: Are They Based on Truth?",Yes
"Local Community Garden Thrives Amid Urban Development Efforts.",No
"City Council Approves Plan to Improve Public Transportation Accessibility.",No
"Recent Study Shows Increase in Renewable Energy Use Across the Nation.",No
"New Health Guidelines Released by CDC Encourage More Outdoor Activity.",No
"Local School Introduces Culturally Inclusive Curriculum for Students.",No
"Vaccine Rollout Expands to Include Younger Age Groups.",No
"City Hosts Annual Arts Festival Featuring Local Talent.",No
"Tech Startup Launches App Aimed at Reducing Food Waste.",No
"New Report Highlights Effects of Climate Change on Coastal Cities.",No
"Research Finds Link Between Regular Exercise and Improved Mental Health.",No
"University Partners with Nonprofits to Advance Sustainability Initiatives.",No
"Pollution Levels in Major Cities Show Decline Over Last Decade.",No
"National Park Service Announces New Conservation Programs.",No
"New Legislation Aims to Address Affordable Housing Crisis.",No
"Community College Offers Free Courses to Boost Workforce Skills.",No
"Local Library Launches Program to Promote Digital Literacy.",No
"Scientists Discover New Species in Deep Ocean Exploration.",No
"Public Health Officials Stress Importance of Flu Vaccination This Season.",No
"City Implements Eco-Friendly Practices in Waste Management.",No
"Educational Workshop Series Aims to Foster Financial Literacy Among Teens.",No
"Documentary Highlights Struggles of Local Artisans in the Pandemic Era.",No
"New Transportation Initiative Seeks to Reduce Traffic Congestion.",No
"Farmers Market Expands to Include More Organic Produce Vendors.",No
"Study Reveals Benefits of Bilingual Education in Early Childhood.",No
"Local Nonprofit Opens Resource Center for At-Risk Youth.",No
"State Implements New Wildlife Protection Regulations.",No
"Researchers Explore Potential of AI in Enhancing Mental Health Treatment.",No
"Community Initiates Clean-Up Campaign to Preserve Natural Parks.",No
"Survey Shows Increased Interest in Remote Work Opportunities Post-Pandemic.",No
"Local Government Launches Initiative to Support Small Businesses.",No
"Experts Urge Ocean Conservation Efforts After Recent Marine Life Studies.",No
"City Celebrates Diversity with Cultural Heritage Month Events.",No
"Universities Collaborate to Develop Sustainable Agriculture Practices.",No
"New Sports Complex Opens to Encourage Youth Participation.",No
"Study Finds Link Between Air Quality and Respiratory Health.",No
"Library Expands Digital Collection to Better Serve Community Needs.",No
"Local Farmers Implement Innovative Practices to Combat Climate Change.",No
"City Hosts Health Fair to Provide Resources on Wellness.",No
"Arts Program in Schools Receives Funding Boost to Enhance Curriculum.",No
"New App Helps Users Track Energy Consumption and Savings.",No
"Annual Charity Run Raises Funds for Local Homeless Shelter.",No
"Outdoor Classroom Initiatives Promoting Environmental Awareness Among Students.",No
"University Research Explores Benefits of Meditation on Student Performance.",No
"Local Government Receives Grant for Urban Green Space Development.",No
"National Survey Highlights Trends in Mental Health Awareness in Teens.",No
"Workshop on Cybersecurity Aims to Educate Small Business Owners.",No
"Community Rally Supports Local Wildlife Rehabilitation Center.",No
"New Bookstore Opens Featuring Works by Local Authors.",No
"Local Theater Groups Collaborate on Community Outreach Productions.",No
"Mobile Clinic Provides Health Services to Underserved Areas.",No
"Scholarship Program Established for First-Generation College Students.",No
"City Adopts Comprehensive Recycling Program to Reduce Waste.",No
